Gorizia|GoLug|Gorizia|http://www.golug.it/|info@golug.it
Pordenone|Lug Pordenone|Pordenone|http://pordenone.linux.it/|info@pordenone.linux.it
Trieste|Lug Trieste|Trieste|http://trieste.linux.it/|info@trieste.linux.it
Udine|AsCI|Udine|http://asci.cc.uniud.it/|info@asci.cc.uniud.it
Udine|CarniaLUG|Tolmezzo, Carnia|http://carnialug.net/|manuel.cacitti@gmail.com
Udine|IGLU|Udine|http://iglu.cc.uniud.it/|direttivo@iglu.cc.uniud.it
Udine|Lug ALP|Aquileia|http://www.alproject.org/|info@alproject.org
Udine|Milk|Codroipo|http://www.free-milk.org/|
