Belluno|Blug|Provincia di Belluno|http://belluno.linux.it/|info@belluno.linux.it
Belluno|LugAnegA|Belluno|http://www.luganega.org/|gherardo@luganega.org
Padova|Faber Libertatis|Padova|http://faberlibertatis.org/|info@faberlibertatis.org
Padova|FSUG Padova|Padova|http://www.fsugpadova.org/|info@fsugpadova.org
Rovigo|RoLug|Rovigo|http://rovigo.linux.it/|webmaster@rovigo.linux.it
Treviso|MontelLug|Montebelluna|http://www.montellug.it/|info@montellug.it
Treviso|TVLug|Treviso e provincia|http://www.tvlug.it/|alex@tvlug.it
Venezia|0421ug|Provincia di Venezia e Veneto orientale|http://www.0421ug.org/|info@0421ug.org
Venezia|VELug|Provincia di Venezia|http://www.velug.it/|rik@linux.it
Verona|LinuxLudus|Villafranca di Verona|http://www.linuxludus.it/|sirio81@gmail.com
Verona|LugVR|Verona|http://www.verona.linux.it/|presidente@verona.linux.it
Verona|Officina S3|Sommacampagna|http://www.officina-s3.org/|liver@barucca.com
Vicenza|AVi Lug|Provincia di Vicenza, Alto Vicentino|http://www.avilug.it/|dcavedon@gmail.com
Vicenza|GrappaFSD|Bassano del Grappa e dintorni|http://grappafsd.homelinux.org/|stefano.bonvicini@gmail.com
Vicenza|GrappaLUG|Bassano del Grappa|http://grappalug.org/|mauro.dallacosta@gmail.com
Vicenza|Lug Vicenza|Bassano del Grappa, Vicenza e provincia|http://vicenza.linux.it/|info@vicenza.linux.it
